year,commodity,acres_planted,acres_harvested,production,yield,price_per_bushel
1866,Corn,,30.02,730.81,24.3,
1867,Corn,,32.12,793.91,24.7,
1868,Corn,,35.12,919.59,26.2,
1869,Corn,,35.83,782.08,21.8,
1870,Corn,,38.39,"1,124.78",29.3,
1871,Corn,,42,"1,141.72",27.2,
1872,Corn,,43.58,"1,279.37",29.4,
1873,Corn,,44.08,"1,008.33",22.9,
1874,Corn,,47.64,"1,058.78",22.2,
1875,Corn,,52.45,"1,450.28",27.7,
1876,Corn,,55.28,"1,478.17",26.7,
1877,Corn,,58.8,"1,515.86",25.8,
1878,Corn,,59.66,"1,564.54",26.2,
1879,Corn,,62.23,"1,751.98",28.2,
1880,Corn,,62.55,"1,706.67",27.3,
1881,Corn,,63.03,"1,244.80",19.8,
1882,Corn,,66.16,"1,755.27",26.5,
1883,Corn,,68.17,"1,652.15",24.2,
1884,Corn,,68.83,"1,947.84",28.3,
1885,Corn,,71.85,"2,057.81",28.6,
1886,Corn,,73.91,"1,782.77",24.1,
1887,Corn,,73.3,"1,604.55",21.9,
1888,Corn,,77.47,"2,250.63",29.1,
1889,Corn,,77.66,"2,294.29",29.5,
1890,Corn,,74.79,"1,650.45",22.1,
1891,Corn,,78.86,"2,335.80",29.6,
1892,Corn,,76.91,"1,897.41",24.7,
1893,Corn,,79.83,"1,900.40",23.8,
1894,Corn,,80.07,"1,615.02",20.2,
1895,Corn,,90.48,"2,534.76",28,
1896,Corn,,89.07,"2,671.05",30,
1897,Corn,,89.97,"2,287.63",25.4,
1898,Corn,,87.78,"2,351.32",26.8,
1899,Corn,,94.59,"2,645.80",28,
1900,Corn,,94.85,"2,661.98",28.1,
1901,Corn,,94.42,"1,715.75",18.2,
1902,Corn,,97.18,"2,773.95",28.5,
1903,Corn,,93.56,"2,515.09",26.9,
1904,Corn,,95.23,"2,686.62",28.2,
1905,Corn,,95.75,"2,954.15",30.9,
1906,Corn,,95.62,"3,032.91",31.7,
1907,Corn,,96.09,"2,613.80",27.2,
1908,Corn,,95.29,"2,566.74",26.9,
1909,Corn,,100.2,"2,611.16",26.1,
1910,Corn,,102.27,"2,852.79",27.9,
1911,Corn,,101.39,"2,474.64",24.4,
1912,Corn,,101.45,"2,947.84",29.1,
1913,Corn,,100.21,"2,272.54",22.7,
1914,Corn,,97.8,"2,523.75",25.8,
1915,Corn,,100.62,"2,829.04",28.1,
1916,Corn,,100.56,"2,425.21",24.1,
1917,Corn,,110.89,"2,908.24",26.2,
1918,Corn,,102.2,"2,441.25",23.9,
1919,Corn,,87.49,"2,341.87",26.8,
1920,Corn,,90.15,"2,695.09",29.9,
1921,Corn,,91.94,"2,556.92",27.8,
1922,Corn,,84.86,"2,229.50",26.3,
1923,Corn,,87.49,"2,429.55",27.8,
1924,Corn,,84.12,"1,860.11",22.1,
1925,Corn,,86.83,"2,382.29",27.4,
1926,Corn,99.66,83.28,"2,140.21",25.7,
1927,Corn,98.46,83.92,"2,218.19",26.4,
1928,Corn,100.4,85.83,"2,260.99",26.3,
1929,Corn,99.13,83.19,"2,135.04",25.7,
1930,Corn,103.92,85.53,"1,757.30",20.5,
1931,Corn,109.36,91.13,"2,229.90",24.5,
1932,Corn,113.02,97.21,"2,578.69",26.5,
1933,Corn,109.83,92.13,"2,104.73",22.8,
1934,Corn,100.56,61.25,"1,146.73",18.7,
1935,Corn,99.97,82.55,"2,001.37",24.2,
1936,Corn,101.96,67.83,"1,258.67",18.6,
1937,Corn,97.17,81.22,"2,349.43",28.9,
1938,Corn,94.47,82.79,"2,300.10",27.8,
1939,Corn,91.64,78.31,"2,341.60",29.9,
1940,Corn,88.69,76.44,"2,206.88",28.9,
1941,Corn,86.84,77.4,"2,414.45",31.2,
1942,Corn,88.82,79.21,"2,801.82",35.4,
1943,Corn,94.34,81.91,"2,668.49",32.6,
1944,Corn,95.48,85,"2,801.61",33,
1945,Corn,89.26,77.93,"2,577.45",33.1,
1946,Corn,88.9,78.41,"2,916.09",37.2,
1947,Corn,85.04,73.8,"2,108.32",28.6,
1948,Corn,85.52,76.84,"3,307.04",43,
1949,Corn,86.74,77.11,"2,946.21",38.2,
1950,Corn,82.86,72.4,"2,764.07",38.2,1.47
1951,Corn,83.28,71.19,"2,628.94",36.9,
1952,Corn,82.23,71.35,"2,980.79",41.8,1.6
1953,Corn,81.57,70.74,"2,881.80",40.7,1.6
1954,Corn,82.19,68.67,"2,707.91",39.4,1.62
1955,Corn,80.93,68.46,"2,872.96",42,1.58
1956,Corn,77.83,64.88,"3,075.34",47.4,1.5
1957,Corn,73.18,63.07,"3,045.36",48.3,1.4
1958,Corn,73.35,63.55,"3,356.21",52.8,1.36
1959,Corn,82.74,72.09,"3,824.60",53.1,1.12
1960,Corn,81.43,71.42,"3,906.95",54.7,1.06
1961,Corn,65.92,57.63,"3,597.80",62.4,1.2
1962,Corn,65.02,55.73,"3,606.31",64.7,1.2
1963,Corn,68.77,59.23,"4,019.24",67.9,1.07
1964,Corn,65.82,55.37,"3,484.25",62.9,1.1
1965,Corn,65.17,55.39,"4,102.87",74.1,1.05
1966,Corn,66.35,57,"4,167.61",73.1,1
1967,Corn,71.16,60.69,"4,860.37",80.1,1.05
1968,Corn,65.13,55.98,"4,449.54",79.5,1.05
1969,Corn,64.26,54.57,"4,687.06",85.9,1.05
1970,Corn,66.86,57.36,"4,152.24",72.4,1.05
1971,Corn,74.18,64.12,"5,646.26",88.1,1.05
1972,Corn,67.13,57.51,"5,579.83",97,1.05
1973,Corn,72.25,62.14,"5,670.71",91.3,1.05
1974,Corn,77.94,65.41,"4,701.40",71.9,1.1
1975,Corn,78.72,67.63,"5,840.76",86.4,1.1
1976,Corn,84.59,71.51,"6,289.17",88,1.5
1977,Corn,84.33,71.61,"6,505.04",90.8,2
1978,Corn,81.68,71.93,"7,267.93",101,2
1979,Corn,81.39,72.4,"7,928.14",109.5,2.1
1980,Corn,84.04,72.96,"6,639.40",91,2.25
1981,Corn,84.1,74.52,"8,118.65",108.9,2.4
1982,Corn,81.86,72.72,"8,235.10",113.2,2.55
1983,Corn,60.21,51.48,"4,174.25",81.1,2.65
1984,Corn,80.52,71.9,"7,672.13",106.7,2.55
1985,Corn,83.4,75.21,"8,875.45",118,2.55
1986,Corn,76.58,68.91,"8,225.76",119.4,1.92
1987,Corn,66.2,59.51,"7,131.30",119.8,1.82
1988,Corn,67.72,58.25,"4,928.68",84.6,1.77
1989,Corn,72.32,64.78,"7,531.95",116.3,1.65
1990,Corn,74.17,66.95,"7,934.03",118.5,1.57
1991,Corn,75.96,68.82,"7,474.77",108.6,1.62
1992,Corn,79.31,72.08,"9,476.70",131.5,1.72
1993,Corn,73.24,62.93,"6,337.73",100.7,1.72
1994,Corn,78.92,72.51,"10,050.52",138.6,1.89
1995,Corn,71.48,65.21,"7,400.05",113.5,1.89
1996,Corn,79.23,72.64,"9,232.56",127.1,1.89
1997,Corn,79.54,72.67,"9,206.83",126.7,1.89
1998,Corn,80.17,72.59,"9,758.69",134.4,1.89
1999,Corn,77.39,70.49,"9,430.61",133.8,1.89
2000,Corn,79.55,72.44,"9,915.05",136.9,1.89
2001,Corn,75.7,68.77,"9,502.58",138.2,1.89
2002,Corn,78.89,69.33,"8,966.79",129.3,1.98
2003,Corn,78.6,70.94,"10,087.29",142.2,1.98
2004,Corn,80.93,73.63,"11,805.58",160.3,1.95
2005,Corn,81.78,75.12,"11,112.19",147.9,1.95
2006,Corn,78.33,70.64,"10,531.12",149.1,1.95
2007,Corn,93.53,86.52,"13,037.88",150.7,1.95
2008,Corn,85.98,78.57,"12,043.20",153.3,1.95
2009,Corn,86.38,79.49,"13,067.16",164.4,1.95
2010,Corn,88.19,81.45,"12,425.33",152.6,1.95
2011,Corn,91.94,83.88,"12,313.96",146.8,1.95
2012,Corn,97.29,87.37,"10,755.11",123.1,1.95
2013,Corn,95.37,87.46,"13,830.70",158.1,1.95
2014,Corn,90.6,83.15,"14,217.29",171,1.95
2015,Corn,88.02,80.75,"13,601.96",168.4,1.95
2016,Corn,94,86.75,"15,148.04",174.6,1.95
2017,Corn,90.17,82.73,"14,609.41",176.59,1.95
2018,Corn,89.13,81.74,"14,420.10",176.41,1.95
1919,Sorghum,,,,,
1920,Sorghum,,,,,
1921,Sorghum,,,,,
1922,Sorghum,,,,,
1923,Sorghum,,,,,
1924,Sorghum,,,,,
1925,Sorghum,,,,,
1926,Sorghum,,,,,
1927,Sorghum,,,,,
1928,Sorghum,,,,,
1929,Sorghum,8.83,3.52,49.97,14.2,
1930,Sorghum,9.45,3.48,37.56,10.8,
1931,Sorghum,10.69,4.44,71.91,16.2,
1932,Sorghum,12.07,4.4,66.1,15,
1933,Sorghum,12.6,4.35,54.39,12.5,
1934,Sorghum,14.61,2.4,19.21,8,
1935,Sorghum,16.49,4.6,57.61,12.5,
1936,Sorghum,13.36,2.79,30.27,10.8,
1937,Sorghum,13,4.92,69.95,14.2,
1938,Sorghum,15.56,4.7,67.21,14.3,
1939,Sorghum,17.86,4.76,53.28,11.2,
1940,Sorghum,21.21,6.37,85.82,13.5,
1941,Sorghum,18.8,6.02,113.54,18.9,
1942,Sorghum,16.08,5.99,109.65,18.3,
1943,Sorghum,17.73,6.89,109.54,15.9,
1944,Sorghum,18.46,9.39,184.98,19.7,
1945,Sorghum,15.67,6.32,96.06,15.2,
1946,Sorghum,14.27,6.67,106.03,15.9,
1947,Sorghum,11.28,5.48,93.22,17,
1948,Sorghum,13.21,7.32,131.38,18,
1949,Sorghum,11.06,6.6,148.49,22.5,
1950,Sorghum,16.06,10.35,233.54,22.6,1.05
1951,Sorghum,15.03,8.54,162.86,19.1,1.22
1952,Sorghum,12.29,5.33,90.74,17,
1953,Sorghum,14.59,6.3,115.72,18.4,
1954,Sorghum,20.15,11.72,235.58,20.1,
1955,Sorghum,23.92,12.89,242.64,18.8,
1956,Sorghum,21.38,9.21,204.88,22.2,
1957,Sorghum,26.89,19.68,567.51,28.8,
1958,Sorghum,20.68,16.52,581.01,35.2,
1959,Sorghum,19.51,15.41,555.44,36.1,
1960,Sorghum,19.6,15.6,619.95,39.7,
1961,Sorghum,14.29,10.99,480.21,43.7,
1962,Sorghum,15.06,11.57,510.28,44.1,
1963,Sorghum,17.52,13.33,585.39,43.9,
1964,Sorghum,16.77,11.74,489.8,41.7,
1965,Sorghum,17.08,13.03,672.7,51.6,
1966,Sorghum,16.37,12.81,714.99,55.8,
1967,Sorghum,18.95,14.99,755.34,50.4,
1968,Sorghum,17.79,13.89,731.28,52.6,
1969,Sorghum,17.23,13.44,729.92,54.3,
1970,Sorghum,16.96,13.57,683.18,50.4,
1971,Sorghum,20.55,16.14,868,53.8,
1972,Sorghum,17.04,13.21,801.35,60.7,
1973,Sorghum,18.99,15.7,923.22,58.8,
1974,Sorghum,17.59,13.81,622.71,45.1,
1975,Sorghum,18.08,15.4,754.35,49,1.05
1976,Sorghum,18.14,14.47,710.8,49.1,1.43
1977,Sorghum,16.64,13.8,780.94,56.6,1.9
1978,Sorghum,16.2,13.41,731.27,54.5,1.9
1979,Sorghum,15.28,12.9,807.42,62.6,2
1980,Sorghum,15.64,12.51,579.34,46.3,2.14
1981,Sorghum,15.93,13.68,875.84,64,2.28
1982,Sorghum,16.03,14.14,835.08,59.1,2.42
1983,Sorghum,11.88,10,487.52,48.7,2.52
1984,Sorghum,17.25,15.36,866.24,56.4,2.42
1985,Sorghum,18.29,16.78,"1,120.27",66.8,
1986,Sorghum,15.34,13.86,938.87,67.7,1.82
1987,Sorghum,11.76,10.53,730.81,69.4,1.74
1988,Sorghum,10.34,9.04,576.69,63.8,1.68
1989,Sorghum,12.64,11.1,615.42,55.4,1.57
1990,Sorghum,10.54,9.09,573.3,63.1,1.49
1991,Sorghum,11.06,9.87,584.86,59.3,1.54
1992,Sorghum,13.18,12.05,875.02,72.6,1.63
1993,Sorghum,9.88,8.92,534.17,59.9,1.63
1994,Sorghum,9.79,8.88,645.74,72.7,1.8
1995,Sorghum,9.43,8.25,458.65,55.6,1.8
1996,Sorghum,13.1,11.81,795.27,67.3,1.81
1997,Sorghum,10.05,9.16,633.55,69.2,1.76
1998,Sorghum,9.63,7.72,519.93,67.3,1.74
1999,Sorghum,9.29,8.54,595.17,69.7,1.74
2000,Sorghum,9.2,7.73,470.53,60.9,1.71
2001,Sorghum,10.25,8.58,514.04,59.9,1.71
2002,Sorghum,9.59,7.13,360.71,50.6,1.98
2003,Sorghum,9.42,7.8,411.22,52.7,1.98
2004,Sorghum,7.49,6.52,453.61,69.6,1.95
2005,Sorghum,6.45,5.74,392.74,68.5,1.95
2006,Sorghum,6.52,4.94,276.82,56.1,1.95
2007,Sorghum,7.71,6.79,497.45,73.2,1.95
2008,Sorghum,8.4,7.31,475.86,65.1,1.95
2009,Sorghum,6.6,5.5,381.61,69.4,1.95
2010,Sorghum,5.37,4.81,345.46,71.9,1.95
2011,Sorghum,5.45,3.95,212.99,54,1.95
2012,Sorghum,6.26,5,247.74,49.6,1.95
2013,Sorghum,8.08,6.59,392.33,59.6,1.95
2014,Sorghum,7.14,6.4,432.58,67.6,1.95
2015,Sorghum,8.46,7.85,596.75,76,1.95
2016,Sorghum,6.69,6.16,480.26,77.9,1.95
2017,Sorghum,5.63,5.04,361.87,71.74,1.95
2018,Sorghum,5.69,5.06,364.99,72.12,1.95
1866,Barley,,0.75,18.1,24,
1867,Barley,,1.06,23.85,22.5,
1868,Barley,,1.06,23.2,21.8,
1869,Barley,,1.24,29.1,23.5,
1870,Barley,,1.33,29.05,21.8,
1871,Barley,,1.35,27.69,20.5,
1872,Barley,,1.42,32.01,22.5,
1873,Barley,,1.47,30.54,20.7,
1874,Barley,,1.63,36.13,22.2,
1875,Barley,,1.7,32.81,19.3,
1876,Barley,,1.97,40.71,20.6,
1877,Barley,,1.96,39.17,20,
1878,Barley,,1.85,37.45,20.3,
1879,Barley,,1.93,42.37,22,
1880,Barley,,1.99,45.26,22.7,
1881,Barley,,2.2,48.98,22.3,
1882,Barley,,2.43,60.07,24.7,
1883,Barley,,2.47,57.13,23.1,
1884,Barley,,2.69,67.92,25.2,
1885,Barley,,2.86,63.96,22.3,
1886,Barley,,3.03,73.5,24.3,
1887,Barley,,3.26,72.4,22.2,
1888,Barley,,3.28,75.98,23.1,
1889,Barley,,3.35,80.79,24.1,
1890,Barley,,3.25,69.88,21.5,
1891,Barley,,3.59,94.16,26.2,
1892,Barley,,3.86,95.17,24.7,
1893,Barley,,3.69,87.11,23.6,
1894,Barley,,3.64,74.21,20.4,
1895,Barley,,4.19,104.48,25,
1896,Barley,,4.13,97.48,23.6,
1897,Barley,,4.12,102.58,24.9,
1898,Barley,,4.11,98.17,23.9,
1899,Barley,,4.47,118.16,26.4,
1900,Barley,,4.7,96.59,20.5,
1901,Barley,,4.96,123.8,24.9,
1902,Barley,,5.47,146.21,26.7,
1903,Barley,,6.23,149.34,24,
1904,Barley,,6.58,166.1,25.2,
1905,Barley,,6.66,171.64,25.8,
1906,Barley,,6.74,179.15,26.6,
1907,Barley,,6.85,150.58,22,
1908,Barley,,7.41,170.78,23.1,
1909,Barley,,7.7,173.07,22.5,
1910,Barley,,7.55,142.42,18.9,
1911,Barley,,7.61,145.07,19.1,
1912,Barley,,7.54,196.93,26.1,
1913,Barley,,7.67,158.82,20.7,
1914,Barley,,7.65,177.71,23.2,
1915,Barley,,7.28,206.98,28.4,
1916,Barley,,7.62,159.16,20.9,
1917,Barley,,8.45,182.21,21.6,
1918,Barley,,9.2,225.07,24.5,
1919,Barley,,6.58,131.09,19.9,
1920,Barley,,7.44,171.04,23,
1921,Barley,,7.07,132.7,18.8,
1922,Barley,,6.6,152.91,23.2,
1923,Barley,,7.15,158.99,22.2,
1924,Barley,,7.04,165.32,23.5,
1925,Barley,,8.19,192.47,23.5,
1926,Barley,8.8,7.92,166.03,21,
1927,Barley,9.51,9.47,239.07,25.3,
1928,Barley,12.83,12.74,328.35,25.8,
1929,Barley,14.7,13.56,280.64,20.7,
1930,Barley,13.58,12.63,301.62,23.9,
1931,Barley,13.82,11.18,200.28,17.9,
1932,Barley,14.56,13.21,299.39,22.7,
1933,Barley,14.2,9.64,152.84,15.9,
1934,Barley,12.02,6.58,117.39,17.8,
1935,Barley,13.96,12.44,288.67,23.2,
1936,Barley,12.84,8.33,147.74,17.7,
1937,Barley,12.35,9.97,221.89,22.3,
1938,Barley,12.17,10.61,256.62,24.2,
1939,Barley,15.51,12.74,278.19,21.8,
1940,Barley,15.69,13.53,311.28,23,
1941,Barley,15.86,14.28,362.57,25.4,
1942,Barley,19.69,16.96,429.45,25.3,
1943,Barley,17.47,14.9,322.91,21.7,
1944,Barley,14.35,12.3,276.28,22.5,
1945,Barley,11.75,10.45,266.99,25.5,
1946,Barley,11.47,10.38,265.06,25.5,
1947,Barley,11.98,10.96,281.87,25.7,
1948,Barley,13.06,11.91,315.54,26.5,
1949,Barley,11.13,9.87,237.07,24,
1950,Barley,13.01,11.16,303.77,27.2,
1951,Barley,10.79,9.42,257.21,27.3,
1952,Barley,9.19,8.24,228.17,27.7,
1953,Barley,9.62,8.68,246.72,28.4,
1954,Barley,14.74,13.37,379.25,28.4,
1955,Barley,16.29,14.52,403.07,27.8,
1956,Barley,14.73,12.85,376.66,29.3,
1957,Barley,16.4,14.87,442.76,29.8,
1958,Barley,16.15,14.79,477.37,32.3,
1959,Barley,16.77,14.87,420.2,28.3,
1960,Barley,15.53,13.86,429.01,31,
1961,Barley,15.62,12.81,392.44,30.6,
1962,Barley,14.38,12.21,427.73,35,
1963,Barley,13.45,11.24,392.83,35,
1964,Barley,11.65,10.28,386.06,37.6,
1965,Barley,10.12,9.17,393.06,42.9,
1966,Barley,11.18,10.25,392.11,38.3,
1967,Barley,10.08,9.23,373.75,40.5,
1968,Barley,10.49,9.73,426.15,43.8,
1969,Barley,10.29,9.56,427.06,44.7,
1970,Barley,10.48,9.71,416.09,42.8,
1971,Barley,11.06,10.1,462.42,45.8,
1972,Barley,10.57,9.65,421.72,43.7,
1973,Barley,11.05,10.3,417.43,40.5,
1974,Barley,8.71,7.93,298.67,37.7,
1975,Barley,9.37,8.62,379.16,44,0.9
1976,Barley,9.3,8.44,383.01,45.4,1.22
1977,Barley,10.78,9.73,427.78,44,1.63
1978,Barley,9.99,9.25,454.76,49.2,1.63
1979,Barley,8.12,7.53,383.2,50.9,1.71
1980,Barley,8.32,7.26,361.14,49.7,1.83
1981,Barley,9.62,9.04,473.51,52.4,1.95
1982,Barley,9.55,9.01,515.94,57.2,2.08
1983,Barley,10.41,9.72,508.27,52.3,2.16
1984,Barley,11.93,11.22,598.03,53.3,2.08
1985,Barley,13.14,11.59,590.21,50.9,2.08
1986,Barley,13.02,11.97,608.53,50.8,1.56
1987,Barley,10.93,9.96,521.5,52.4,1.49
1988,Barley,9.83,7.64,289.99,38,1.44
1989,Barley,9.13,8.31,404.2,48.6,1.34
1990,Barley,8.22,7.53,422.2,56.1,1.28
1991,Barley,8.94,8.41,464.33,55.2,1.32
1992,Barley,7.76,7.29,455.09,62.5,1.4
1993,Barley,7.79,6.75,398.04,58.9,1.4
1994,Barley,7.16,6.67,374.86,56.2,1.54
1995,Barley,6.69,6.28,359.38,57.2,1.54
1996,Barley,7.09,6.71,392.43,58.5,1.55
1997,Barley,6.71,6.2,359.88,58.1,1.57
1998,Barley,6.33,5.85,351.57,60.1,1.56
1999,Barley,4.98,4.57,272,59.5,1.59
2000,Barley,5.8,5.2,317.8,61.1,1.62
2001,Barley,4.95,4.27,248.33,58.1,1.65
2002,Barley,5.01,4.12,226.91,55,1.88
2003,Barley,5.35,4.73,278.28,58.9,1.88
2004,Barley,4.53,4.02,279.74,69.6,1.85
2005,Barley,3.88,3.27,211.9,64.8,1.85
2006,Barley,3.45,2.95,180.17,61.1,1.85
2007,Barley,4.02,3.5,210.11,60,1.85
2008,Barley,4.24,3.78,239.07,63.3,1.85
2009,Barley,3.57,3.11,226.6,72.8,1.85
2010,Barley,2.87,2.47,180.24,73.1,1.95
2011,Barley,2.56,2.24,154.79,69.1,1.95
2012,Barley,3.66,3.27,218.99,66.9,1.95
2013,Barley,3.53,3.04,216.75,71.3,1.95
2014,Barley,3.03,2.5,181.54,72.7,1.95
2015,Barley,3.58,3.16,218.19,69.1,1.95
2016,Barley,3.06,2.57,199.91,77.9,1.95
2017,Barley,2.49,1.96,143.26,73.02,1.95
2018,Barley,2.54,1.98,153.08,77.39,1.95
1866,Oats,,7.94,232.36,29.3,
1867,Oats,,8.18,222.61,27.2,
1868,Oats,,8.9,229.68,25.8,
1869,Oats,,9.56,284,29.7,
1870,Oats,,10.35,267.95,25.9,
1871,Oats,,11.06,306.22,27.7,
1872,Oats,,11.79,326.76,27.7,
1873,Oats,,12.01,306.91,25.6,
1874,Oats,,12.78,272.5,21.3,
1875,Oats,,13.62,364.97,26.8,
1876,Oats,,14.59,327.21,22.4,
1877,Oats,,14.82,435.33,29.4,
1878,Oats,,15.83,443.37,28,
1879,Oats,,15.96,415.44,26,
1880,Oats,,16.41,417.94,25.5,
1881,Oats,,16.92,446.13,26.4,
1882,Oats,,19.08,540.46,28.3,
1883,Oats,,20.62,605.58,29.4,
1884,Oats,,21.97,640.52,29.1,
1885,Oats,,23.35,674.15,28.9,
1886,Oats,,24.43,682.31,27.9,
1887,Oats,,26.27,696.18,26.5,
1888,Oats,,27.81,773.14,27.8,
1889,Oats,,28.7,831.05,29,
1890,Oats,,28.28,609.12,21.5,
1891,Oats,,27.76,836.79,30.1,
1892,Oats,,28.17,721.82,25.6,
1893,Oats,,29.27,707.13,24.2,
1894,Oats,,29.56,750.01,25.4,
1895,Oats,,30.91,924.86,29.9,
1896,Oats,,30.25,774.93,25.6,
1897,Oats,,28.83,829.53,28.8,
1898,Oats,,29.33,842.21,28.7,
1899,Oats,,29.25,937.17,32,
1900,Oats,,31.05,945.48,30.5,
1901,Oats,,30.89,799.81,25.9,
1902,Oats,,31.36,"1,076.90",34.3,
1903,Oats,,32.19,885.47,27.5,
1904,Oats,,32.75,"1,011.56",30.9,
1905,Oats,,33.43,"1,104.40",33,
1906,Oats,,33.69,"1,022.72",30.4,
1907,Oats,,34.44,801.14,23.3,
1908,Oats,,34.31,829.31,24.2,
1909,Oats,,35.06,"1,013.91",28.9,
1910,Oats,,36.84,"1,106.16",30,
1911,Oats,,37.15,885.53,23.8,
1912,Oats,,37.24,"1,353.27",36.3,
1913,Oats,,37.25,"1,039.13",27.9,
1914,Oats,,37.21,"1,066.33",28.7,
1915,Oats,,38.8,"1,435.27",37,
1916,Oats,,39.1,"1,138.97",29.1,
1917,Oats,,41.6,"1,442.52",34.7,
1918,Oats,,42.46,"1,428.61",33.6,
1919,Oats,,39.6,"1,106.60",27.9,
1920,Oats,,42.73,"1,444.29",33.8,
1921,Oats,,45.54,"1,045.27",23,
1922,Oats,,40.32,"1,147.91",28.5,
1923,Oats,,40.25,"1,227.18",30.5,
1924,Oats,,41.86,"1,416.12",33.8,
1925,Oats,,44.24,"1,405.27",31.8,
1926,Oats,43.94,42.85,"1,152.91",26.9,
1927,Oats,40.53,40.35,"1,093.22",27.1,
1928,Oats,40.24,40.13,"1,312.91",32.7,
1929,Oats,40.53,38.15,"1,112.95",29.2,
1930,Oats,42.61,39.85,"1,274.59",32,
1931,Oats,44.48,40.19,"1,124.23",28,
1932,Oats,45.55,41.7,"1,254.58",30.1,
1933,Oats,43.77,36.53,736.31,20.2,
1934,Oats,40.47,29.46,544.25,18.5,
1935,Oats,43.6,40.11,"1,210.23",30.2,
1936,Oats,41.93,33.65,792.58,23.6,
1937,Oats,39.83,35.54,"1,176.74",33.1,
1938,Oats,39.39,36.04,"1,089.38",30.2,
1939,Oats,38.2,33.46,957.7,28.6,
1940,Oats,39.32,35.43,"1,246.45",35.2,
1941,Oats,41.84,38.16,"1,182.51",31,
1942,Oats,43.02,38.2,"1,342.68",35.2,
1943,Oats,43.47,38.91,"1,139.83",29.3,
1944,Oats,44.14,39.74,"1,149.24",28.9,
1945,Oats,46.03,41.74,"1,523.85",36.5,
1946,Oats,46.52,42.81,"1,477.57",34.5,
1947,Oats,42.06,37.86,"1,176.14",31.1,
1948,Oats,43.84,39.28,"1,450.19",36.9,
1949,Oats,43.13,37.79,"1,220.12",32.3,
1950,Oats,45.04,39.31,"1,369.20",34.8,
1951,Oats,41.02,35.23,"1,277.65",36.3,
1952,Oats,42.34,37.01,"1,217.43",32.9,
1953,Oats,43.22,37.54,"1,153.21",30.7,
1954,Oats,46.9,40.55,"1,409.60",34.8,
1955,Oats,47.49,39.03,"1,495.98",38.3,
1956,Oats,44.21,33.33,"1,151.40",34.5,
1957,Oats,41.84,34.07,"1,289.88",37.9,
1958,Oats,37.7,31.25,"1,401.41",44.8,
1959,Oats,35.06,27.76,"1,050.05",37.8,
1960,Oats,31.42,26.59,"1,153.33",43.4,
1961,Oats,32.31,23.89,"1,010.31",42.3,
1962,Oats,29.5,22.38,"1,012.20",45.2,
1963,Oats,28.05,21.31,965.51,45.3,
1964,Oats,25.63,19.76,852.26,43.1,
1965,Oats,24.05,18.52,929.55,50.2,
1966,Oats,23.34,17.88,803.32,44.9,
1967,Oats,20.72,16.11,793.8,49.3,
1968,Oats,23.34,17.71,950.69,53.7,
1969,Oats,23.56,17.97,965.86,53.7,
1970,Oats,24.41,18.59,915.24,49.2,
1971,Oats,21.83,15.71,878.08,55.9,
1972,Oats,19.99,13.41,690.62,51.5,
1973,Oats,18.61,13.77,659.14,47.9,
1974,Oats,17.01,12.61,600.66,47.6,
1975,Oats,16.43,13.04,638.96,49,0.54
1976,Oats,16.62,11.83,540.44,45.7,0.72
1977,Oats,17.73,13.49,752.77,55.8,1.03
1978,Oats,16.41,11.13,581.66,52.3,1.03
1979,Oats,13.96,9.68,526.75,54.4,1.08
1980,Oats,13.38,8.66,458.79,53,1.16
1981,Oats,13.63,9.41,509.53,54.2,1.24
1982,Oats,13.95,10.26,592.63,57.8,1.31
1983,Oats,20.29,9.06,476.47,52.6,1.36
1984,Oats,12.41,8.16,473.66,58,1.31
1985,Oats,13.24,8.15,518.49,63.6,1.31
1986,Oats,14.67,6.84,385,56.3,0.99
1987,Oats,17.91,6.89,373.71,54.3,0.94
1988,Oats,13.91,5.53,217.38,39.3,0.9
1989,Oats,12.09,6.88,373.59,54.3,0.85
1990,Oats,10.42,5.95,357.65,60.1,0.81
1991,Oats,8.65,4.82,243.85,50.6,0.83
1992,Oats,7.94,4.5,294.23,65.4,0.88
1993,Oats,7.94,3.8,206.73,54.4,0.88
1994,Oats,6.64,4.01,228.84,57.1,0.97
1995,Oats,6.23,2.95,161.09,54.6,0.97
1996,Oats,4.64,2.66,153.25,57.7,1.03
1997,Oats,5.07,2.81,167.25,59.5,1.11
1998,Oats,4.89,2.75,165.77,60.2,1.11
1999,Oats,4.67,2.45,145.63,59.6,1.13
2000,Oats,4.47,2.33,149.17,64.2,1.16
2001,Oats,4.4,1.91,117.6,61.5,1.21
2002,Oats,5,2.06,116,56.4,1.35
2003,Oats,4.6,2.22,144.38,65,1.35
2004,Oats,4.09,1.79,115.7,64.7,1.33
2005,Oats,4.25,1.82,114.86,63,1.33
2006,Oats,4.17,1.56,93.52,59.8,1.33
2007,Oats,3.76,1.5,90.43,60.1,1.33
2008,Oats,3.26,1.41,90.05,63.7,1.33
2009,Oats,3.35,1.34,91.04,67.9,1.33
2010,Oats,3.11,1.27,81.86,64.6,1.39
2011,Oats,2.35,0.88,50.13,57.3,1.39
2012,Oats,2.7,1.01,61.49,61.2,1.39
2013,Oats,2.98,1.01,64.64,64.1,1.39
2014,Oats,2.75,1.04,70.23,67.9,1.39
2015,Oats,3.09,1.28,89.46,70.2,1.39
2016,Oats,2.83,0.98,64.63,66,1.39
2017,Oats,2.59,0.8,49.59,61.67,1.39
2018,Oats,2.75,0.87,56.13,64.89,1.39